English,Turkish
you,Sen
i,Ben
the,the
to,ile
a,A
s,S
it,BT
and,Ve
that,O
t,T
of,ile ilgili
is,dır-dir
in,içinde
what,Ne
we,Biz
me,Ben
this,Bu
he,O
for,için
my,Benim
on,Açık
have,sahip olmak
your,senin
do,Yapmak
was,öyleydi
m,M
no,HAYIR
not,Olumsuz
be,olmak
are,öyle
don,giymek
re,tekrar
know,Bilmek
can,olabilmek
with,ile
but,Ancak
all,Tümü
so,Bu yüzden
just,Sadece
there,Orası
here,Burada
they,Onlar
like,beğenmek
ll,LL
get,elde etmek
she,o
go,Gitmek
if,eğer
right,Sağ
out,dışarı
about,hakkında
up,yukarı
at,en
him,o
now,Şimdi
oh,ah
one,bir
come,Gelmek
well,Peki
her,o
how,Nasıl
yeah,Evet
ve,ve
will,irade
got,var
want,istek
think,düşünmek
as,gibi
see,Görmek
did,yaptı
good,iyi
who,DSÖ
why,Neden
from,itibaren
let,izin vermek
his,onun
yes,Evet
when,Ne zaman
going,giden
time,zaman
an,BİR
okay,Tamam
back,geri
look,Bakmak
us,biz
would,istemek
them,onlara
where,Neresi
were,vardı
take,almak
then,Daha sonra
had,vardı
or,veya
been,olmuştur
our,bizim
gonna,yapacağım
tell,söylemek
really,Gerçekten
man,Adam
some,bazı
say,söylemek
hey,Hey
could,abilir
d,D
didn,yapmadı
by,ile
need,ihtiyaç
something,bir şey
has,sahip olmak
too,fazla
more,Daha
way,yol
down,aşağı
make,yapmak
very,çok
never,Asla
only,sadece
people,insanlar
over,üzerinde
because,Çünkü
little,biraz
please,Lütfen
love,Aşk
should,meli
mean,Anlam
said,söz konusu
sorry,Üzgünüm
give,vermek
off,kapalı
am,ben
thank,teşekkür etmek
any,herhangi
two,iki
even,eşit
much,fazla
doing,yapmak
sure,Elbette
thing,şey
these,bunlar
help,yardım
first,Birinci
into,içine
anything,herhangi bir şey
still,Hala
find,bulmak
life,hayat
nothing,Hiçbir şey
sir,Sayın
day,gün
god,Tanrı
work,iş
their,onların
uh,ah
again,Tekrar
maybe,Belki
must,mutlak
before,önce
other,diğer
wait,Beklemek
stop,durmak
call,Arama
after,sonrasında
won,kazanmak
talk,konuşmak
away,uzak
than,hariç
thought,düşünce
home,Ev
night,gece
put,koymak
great,Harika
those,onlar
last,son
better,daha iyi
everything,her şey
told,söylenmiş
mr.,Bay.
new,yeni
things,şeyler
always,Her zaman
keep,kale
long,uzun
years,yıllar
leave,ayrılmak
does,yapmak
money,para
around,etrafında
doesn,yapmaz
name,isim
place,yer
ever,durmadan
feel,hissetmek
guys,Çocuklar
father,baba
guy,adam
made,yapılmış
old,eskimiş
isn,öyle
which,Hangi
big,büyük
lot,pay
done,Tamamlandı
hello,Merhaba
nice,Güzel
believe,inanmak
girl,kız
someone,birisi
fine,iyi
thanks,teşekkürler
wanted,aranan
kind,tür
coming,gelen
house,ev
every,Her
ok,Tamam
through,başından sonuna kadar
being,yapı
course,kurs
stay,kalmak
left,sol
dad,baba
enough,yeterli
happened,olmuş
came,gelmek
may,mayıs
mother,anne
wrong,yanlış
world,dünya
bad,kötü
might,belki
three,üç
today,Bugün
listen,Dinlemek
another,bir diğer
understand,anlamak
hear,duymak
remember,Unutma
ask,sormak
own,sahip olmak
same,Aynı
show,göstermek
else,başka
kill,öldürmek
talking,konuşuyor
found,kurmak
next,Sonraki
getting,edinme
care,bakım
car,araba
looking,bakıyor
son,oğul
try,denemek
woman,kadın
went,gitmiş
hi,MERHABA
dead,ölü
many,birçok
mind,akıl
wasn,öyleydi
friend,arkadaş
best,en iyi
mom,anne
hell,cehennem
morning,Sabah
trying,denemek
boy,erkek çocuk
together,birlikte
yourself,kendin
job,iş
saw,testere
family,aile
real,gerçek
without,olmadan
baby,Bebek
room,oda
wouldn,olur
already,çoktan
move,taşınmak
most,en
seen,görülen
live,canlı
miss,kayıp
actually,Aslında
huh,Ha
shit,bok
both,ikisi birden
heard,duyulmuş
once,bir kere
ready,hazır
head,KAFA
called,isminde
used,kullanılmış
idea,fikir
knew,biliyordum
hold,tutmak
happy,mutlu
door,kapı
such,çok
fuck,Kahretsin
brother,Erkek kardeş
also,Ayrıca
pretty,tatlı
bit,biraz
took,alınmış
haven,sığınak
yet,henüz
men,erkekler
whole,tüm
start,başlangıç
use,kullanmak
while,sırasında
since,o zamandan beri
wife,eş
days,günler
guess,tahmin etmek
tomorrow,Yarın
matter,konu
meet,tanışmak
bring,getirmek
tonight,bu akşam
everyone,herkes
run,koşmak
wanna,istiyorum
hard,zor
ah,Ah
alone,yalnız
myself,kendim
school,okul
gone,gitmiş
um,hım
end,son
saying,söyleyerek
phone,telefon
play,oynamak
looks,görünüyor
couldn,yapamadım
fucking,kahrolası
problem,sorun
few,bir kaç
friends,Arkadaşlar
gotta,lazım
ago,evvel
open,açık
anyone,herhangi biri
killed,öldürüldü
hope,umut
face,yüz
until,değin
lost,kayıp
police,polis
excuse,mazeret
turn,dönüş
business,işletme
case,dava
wants,istiyor
says,diyor
TRUE,DOĞRU
die,ölmek
heart,kalp
soon,yakında
each,her biri
worry,endişelenmek
later,Daha sonra
year,yıl
watch,kol saati
music,müzik
hand,el
having,sahip olmak
probably,muhtemelen
beautiful,Güzel
doctor,doktor
sit,oturmak
eat,yemek yemek
thinking,düşünme
young,genç
second,ikinci
working,çalışma
water,su
person,kişi
part,parça
kids,çocuklar
late,geç
stuff,şey
exactly,Kesinlikle
under,altında
death,ölüm
minute,dakika
pay,ödemek
crazy,deli
forget,unutmak
everybody,herkes
kid,çocuk
change,değiştirmek
gave,verilmiş
happen,olmak
damn,lanet etmek
five,beş
drink,içmek
far,uzak
knows,biliyor
its,onun
whatever,Her neyse
eyes,gözler
shut,kapamak
aren,değil mi
hit,vurmak
taking,almak
easy,kolay
times,zamanlar
check,kontrol etmek
hands,eller
minutes,dakika
deal,anlaşmak
different,farklı
means,araç
point,nokta
inside,içeri
makes,yapar
asked,diye sordu
somebody,birisi
mine,bana ait
making,yapımı
body,vücut
afraid,korkmuş
sleep,uyumak
chance,şans
dear,Sayın
quite,epeyce
four,dört
anyway,Neyse
close,kapalı
ain,değil
party,Parti
fun,eğlence
against,aykırı
word,kelime
comes,geliyor
important,önemli
set,ayarlamak
shall,acak
story,hikaye
number,sayı
daughter,kız çocuğu
least,en az
waiting,beklemek
hurt,acıtmak
wish,dilek
moment,an
fight,kavga
week,hafta
husband,koca
girls,kızlar
rest,dinlenmek
married,evli
fire,ateş
game,oyun
nobody,hiç kimse
mr,Bay
children,çocuklar
side,taraf
stand,durmak
read,Okumak
though,Yine de
cut,kesmek
started,başladı
sister,kız kardeş
supposed,sözde
between,arasında
child,çocuk
goes,gitmek
hours,saat
speak,konuşmak
women,kadınlar
behind,arka
almost,neredeyse
truth,gerçek
blood,kan
able,hünerli
lady,bayan
anymore,artık değil
playing,oynuyor
gets,alır
shot,atış
reason,sebep
trouble,bela
break,kırmak
war,savaş
city,şehir
walk,yürümek
town,şehir
trust,güven
dr.,Dr.
met,tanışmak
office,ofis
question,soru
brought,getirilmiş
yours,senin
welcome,Hoş geldin
high,yüksek
wow,Vay
couple,çift
half,yarım
died,ölü
cool,Serin
free,özgür
either,herhangi biri
seems,öyle gibi
power,güç
whoa,vay be
bye,Hoşçakal
buy,satın almak
telling,söylüyorum
honey,Bal
tried,sınanmış
front,ön
team,takım
answer,cevap
gun,silah
boys,erkek çocuklar
line,astar
send,Göndermek
news,haberler
stupid,aptal
bed,yatak
hurry,acele etmek
full,tam dolu
months,aylar
save,kaydetmek
sometimes,Bazen
become,haline gelmek
along,birlikte
hate,nefret
food,yiyecek
outside,dıştan
light,ışık
l,ben
needs,ihtiyaçlar
dog,köpek
country,ülke
clear,temizlemek
order,emir
em,onları
fact,hakikat
lord,Kral
captain,Kaptan
six,altı
hot,sıcak
funny,eğlenceli
black,siyah
mrs.,bayan.
alive,canlı
pick,seçmek
feeling,his
living,yaşamak
cause,neden
ahead,ilerde
lose,kaybetmek
king,kral
plan,plan
dinner,akşam yemeği
sighs,iç çeker
sort,düzenlemek
leaving,ayrılmak
shouldn,yapmalı
running,koşma
boss,patron
alright,Tamam
promise,söz
taken,alınmış
safe,güvenli
ma,anne
book,kitap
sent,gönderilmiş
white,beyaz
hour,saat
anybody,herhangi biri
small,küçük
perfect,mükemmel
cause,neden
lives,hayatları
special,özel
parents,ebeveynler
s,S
john,John
himself,kendisi
perhaps,belki
sounds,sesler
serious,cidden
sick,hasta
company,şirket
ha,Ha
scared,korkmuş
uncle,amca
poor,fakir
red,kırmızı
past,geçmiş
earth,toprak
possible,olası
shoot,film çekmek
touch,dokunmak
sound,ses
top,tepe
ass,eşek
laughs,gülüyor
cannot,yapamamak
asking,sormak
win,kazanç
glad,memnun
control,kontrol
hmm,Hmm
human,insan
drive,sürmek
hair,saç
jack,kriko
bitch,orospu
luck,şans
murder,cinayet
happens,olur
air,hava
ten,on
daddy,babacığım
finally,Sonunda
chuckles,kıkırdamalar
fast,hızlı
cold,soğuk
seem,gözükmek
laughing,gülüyor
words,kelimeler
hospital,hastane
street,sokak
hang,asmak
dance,dans
meeting,toplantı
till,kadar
others,diğerleri
catch,yakalamak
follow,takip etmek
sense,algı
sex,seks
lie,yalan
evening,akşam
master,usta
known,bilinen
dream,rüya
write,yazmak
million,milyon
voice,ses
sweet,tatlı
rather,yerine
felt,keçe
sign,imza
lucky,şanslı
somewhere,bir yerde
bet,bahis
o,Ö
jesus,isa
longer,uzun
calling,aramak
worked,çalıştı
quiet,sessizlik
looked,baktı
less,az
pull,çekmek
beat,vurmak
careful,dikkatli olmak
coffee,Kahve
return,geri dönmek
secret,gizli
weeks,haftalar
weren,değildi
date,tarih
seeing,görmek
fall,düşmek
given,verildi
ooh,ah
fault,arıza
straight,dümdüz
takes,almak
song,şarkı
future,gelecek
gentlemen,beyler
loved,sevilen
changed,değişti
road,yol
calm,sakinlik
wonderful,müthiş
mad,kızgın
turned,döndü
drop,düşürmek
ladies,Hanımlar
learn,öğrenmek
step,adım
absolutely,kesinlikle
early,erken
explain,açıklamak
clean,temiz
piece,parça
yesterday,Dün
throw,fırlatmak
picture,resim
land,kara
feet,ayak
wonder,merak etmek
questions,sorular
speaking,konuşuyorum
worth,değer
darling,Canım
dude,dostum
giving,vermek
president,başkan
eye,göz
quick,hızlı
moving,hareketli
figure,figür
state,durum
strong,güçlü
sam,Sam
none,hiçbiri
amazing,inanılmaz
ones,olanlar
works,İşler
act,davranmak
needed,gerekli
weird,garip
law,kanun
worried,endişeli
report,rapor
goodbye,Güle güle
missing,eksik
choice,seçenek
happening,olay
chief,şef
wedding,düğün
strange,garip
general,genel
pain,ağrı
am,ben
kidding,şaka yapmak
decided,karar verilmiş
ya,evet
pass,geçmek
tired,yorgun
class,sınıf
officer,subay
kept,tutulmuş
wake,uyanmak
worse,daha kötüsü
busy,Meşgul
eh,eh
mistake,hata
kiss,öpücük
court,mahkeme
building,bina
finish,sona ermek
during,sırasında
age,yaş
ship,gemi
caught,yakalanmış
marry,evlenmek
meant,anlamına gelen
sell,satmak
dark,karanlık
watching,seyretme
system,sistem
suppose,sanmak
evidence,kanıt
movie,film
ride,sürmek
t,T
completely,tamamen
mouth,ağız
totally,tamamen
birthday,doğum günü
tv,televizyon
forgive,affetmek
born,doğmak
imagine,hayal etmek
information,bilgi
instead,yerine
definitely,kesinlikle
security,güvenlik
certainly,kesinlikle
film,film
month,ay
lying,uzanmak
unless,meğer ki
train,tren
seven,Yedi
wear,giymek
clothes,kıyafetler
michael,Michael
hotel,otel
christmas,noel
attack,saldırı
hasn,hasan
round,yuvarlak
expect,beklemek
sing,şarkı söylemek
terrible,korkunç
george,George
bag,çanta
history,tarih
blue,mavi
near,yakın
broke,parasız
station,istasyon
seriously,Cidden
forever,sonsuza kadar
david,David
frank,açık sözlü
except,hariç
thinks,düşünüyor
message,İleti
entire,bütün
joe,Joe
table,masa
talked,konuştu
across,karşısında
rock,kaynak
lovely,sevimli
handle,halletmek
middle,orta
buddy,ahbap
paid,paralı
protect,korumak
using,kullanarak
floor,zemin
ran,koştu
swear,küfür
spend,harcamak
situation,durum
ring,yüzük
anywhere,herhangi bir yer
dangerous,tehlikeli
bill,fatura
york,york
army,ordu
lead,yol göstermek
bought,satın alınmış
finished,bitti
fair,adil
sun,güneş
letter,mektup
fool,aptal
attention,dikkat
club,kulüp
simple,basit
interesting,ilginç
space,uzay
test,Ölçek
box,kutu
group,grup
single,Bekar
sitting,oturma
marriage,evlilik
join,katılmak
fear,korku
d,D
peace,barış
forgot,unutmuş olmak
force,güç
short,kısa
normal,normal
charlie,Charlie
present,Sunmak
enjoy,Eğlence
mike,mikrofon
crime,suç
horse,atış
ground,zemin
american,Amerikan
count,saymak
area,alan
charge,şarj
honor,onur
lunch,öğle yemeği
miles,mil
radio,radyo
idiot,salak
ball,top
surprise,sürpriz
paper,kağıt
key,anahtar
boat,bot
quickly,hızlıca
gold,altın
bar,çubuk
fish,balık
mark,işaret
tom,tom
wearing,giyme
crying,ağlamak
accident,kaza
government,devlet
eight,sekiz
fell,düşmüş
cover,kapak
certain,kesin
interested,ilgili
deep,derin
star,yıldız
sea,deniz
agree,kabul etmek
problems,sorunlar
detective,dedektif
prison,hapishane
major,ana
stick,sopa
offer,teklif
difficult,zor
smart,akıllı
personal,kişisel
record,kayıt
stopped,durduruldu
hide,saklamak
whether,ikisinden biri
bank,banka
trip,seyahat
relax,rahatlamak
america,Amerika
public,halk
list,liste
afternoon,öğleden sonra
brain,beyin
fix,düzeltmek
bastard,piç
proud,gurur duymak
tea,çay
service,hizmet
screaming,bağıran
forward,ileri
angry,sinirli
park,park
soul,ruh
fighting,savaş
peter,Peter
rich,zengin
agent,ajan
blow,üflemek
paul,Paul
dress,elbise
mary,Mary
missed,kaçırıldı
scene,sahne
killing,öldürme
standing,ayakta
saved,kaydedildi
mm,mm
respect,Saygı
killer,katil
ice,buz
mess,karışıklık
tough,zorlu
feels,hissediyor
church,kilise
sad,üzgün
cell,hücre
drunk,sarhoş
share,paylaşmak
camera,kamera
mm-hmm,mm-hmm
within,içinde
card,kart
fly,uçmak
ben,ben
girlfriend,kız arkadaşı
laugh,gülmek
smell,koku
broken,kırık
mum,anne
honest,dürüst
often,sıklıkla
starting,Başlangıç
calls,çağrılar
y,sen
spent,harcanan
third,üçüncü
english,İngilizce
visit,ziyaret etmek
mama,anne
judge,yargıç
window,pencere
hungry,aç
dare,cesaret etmek
relationship,ilişki
moved,etkilenmiş
prove,kanıtlamak
private,özel
wall,duvar
seat,koltuk
i-i,ben-ben
position,konum
lieutenant,teğmen
realize,fark etmek
lt,lt
especially,özellikle
machine,makine
walking,yürüme
art,sanat
pleasure,zevk
bloody,kanlı
college,kolej
french,Fransızca
involved,dahil olmuş
cry,ağlamak
became,oldu
lived,yaşadı
impossible,imkansız
obviously,açıkça
neither,hiç biri
accept,kabul etmek
boyfriend,erkek arkadaş
besides,Ayrıca
queen,kraliçe
teacher,Öğretmen
cops,polisler
sake,hatır
loves,seviyor
carry,taşımak
teach,öğretmek
apartment,apartman
upset,üzgün
green,yeşil
la,la
liked,beğenildi
cute,Sevimli
evil,fenalık
professor,profesör
contact,temas etmek
joke,şaka
cop,polis
huge,büyük
holy,kutsal
store,mağaza
jail,hapishane
likes,seviyor
lawyer,avukat
doubt,şüphe
continue,devam etmek
appreciate,takdirle karşılamak
cat,kedi
shop,mağaza
driving,sürme
congratulations,Tebrikler
wrote,yazdı
village,köy
quit,çıkış yapmak
field,alan
james,James
wine,şarap
decision,karar
south,güney
sleeping,uyuyor
slow,yavaş
laughter,kahkaha
island,ada
glass,bardak
beginning,başlangıç
cash,peşin
dying,ölme
hundred,yüz
whose,kimin
difference,fark
plane,uçak
push,itmek
continues,devam ediyor
mmm,mmm
singing,Şarkı söyleme
eating,yemek yiyor
north,kuzey
mrs,bayan
tree,ağaç
madam,hanımefendi
gift,hediye
truck,kamyon
putting,koyarak
bear,ayı
board,pano
grab,yakalamak
beer,bira
stuck,sıkışmak
magic,büyü
support,Destek
rules,tüzük
grunts,homurdanıyor
partner,ortak
reach,ulaşmak
wind,rüzgâr
colonel,albay
max,maksimum
immediately,hemen
seconds,saniye
thousand,bin
gives,verir
experience,deneyim
cheers,şerefe
victim,kurban
upon,üzerine
computer,bilgisayar
christ,İsa
planet,gezegen
promised,söz
bus,otobüs
henry,Henry
dirty,kirli
search,aramak
staying,Kalmak
dreams,rüyalar
arrest,tutuklamak
holding,tutma
suddenly,Birden
usually,genellikle
lots,sürü
shoes,ayakkabı
er,yani
jump,zıplamak
rid,kurtulmak
yo,sen
knock,kapıyı çalmak
owe,sahip olmak
harry,harry
grow,büyümek
worst,en kötüsü
river,nehir
aunt,hala
patient,hasta
kitchen,mutfak
aah,ah
fat,yağ
passed,geçti
m,M
final,son
summer,yaz
bob,bob
listening,dinleme
escape,kaçmak
everywhere,her yer
moon,ay
arms,silâh
turns,dönüşler
address,adres
ow,ah
match,kibrit
gasps,nefes nefese
grand,büyük
yep,Evet
shh,şşş
nervous,gergin
de,de
choose,seçmek
themselves,kendileri
decide,karar vermek
mate,mat
drinking,içme
press,basmak
bother,rahatsız etmek
foot,ayak
hadn,hadım
blame,suçlamak
crap,saçmalık
drugs,ilaçlar
type,tip
rings,yüzükler
mission,misyon
named,adlandırılmış
heaven,cennet
ii,ii
picked,seçilmiş
paris,Paris
race,ırk
risk,risk
books,kitabın
further,daha öte
danny,danny
action,aksiyon
allowed,izin verilmiş
orders,emirler
learned,öğrendi
price,fiyat
arrived,ulaşmış
nick,Nick
otherwise,aksi takdirde
pictures,resimler
fit,yerleştirmek
smoke,Sigara içmek
favor,iyilik
played,oynandı
notice,fark etme
awesome,Mükemmel
smile,gülümsemek
director,müdür
guard,koruma
begin,başlamak
spot,leke
surprised,şaşırmış
innocent,masum
narrator,dış ses
herself,kendini
london,Londra
feelings,duygular
enemy,düşman
battle,savaş
ourselves,kendimizi
alex,alex
dollars,dolar
allow,izin vermek
nine,dokuz
gay,eşcinsel
department,departman
guilty,suçlu
apart,ayrı
earlier,daha erken
duty,görev
jim,Jim
suit,uygun olmak
bell,zil
west,batı
legs,bacaklar
hero,kahraman
destroy,tahrip etmek
stage,sahne
bunch,demet
according,binaen
chicken,tavuk
bigger,daha büyük
grunting,homurdanma
low,Düşük
helping,yardım ediyor
admit,itiraf etmek
closed,kapalı
names,isimler
witness,tanık
upstairs,üst katta
arm,kol
steal,hırsızlık yapmak
jimmy,Jimmy
kick,tekme atmak
twice,iki kere
cross,geçmek
ways,yollar
sergeant,Çavuş
indeed,Aslında
gas,gaz
keeping,tutmak
energy,enerji
pregnant,hamile
waste,atık
helped,yardım etti
fired,işten çıkarmak
favorite,favori
tony,Tony
taste,tatmak
locked,kilitli
places,yer
writing,yazı
adam,Adem
brothers,Kardeşler
starts,başlar
prince,prens
form,biçim
sold,satılmış
silly,şapşal
mention,değinmek
build,inşa etmek
throat,boğaz
hole,delik
figured,düşündüm
track,izlemek
ringing,zil
lock,kilit
leg,bacak
above,üstünde
hiding,saklanmak
steve,Steve
seemed,görünüyordu
breakfast,kahvaltı
engine,motor
written,yazılı
complete,tamamlamak
video,video
applause,alkış
however,Yine de
pressure,basınç
fresh,taze
weapon,silah
sky,gökyüzü
ms.,Hanım.
stole,çaldı
study,çalışmak
burn,yakmak
reading,okuma
crowd,kalabalık
treat,davranmak
roll,rulo
double,çift
spirit,ruh
danger,tehlike
cost,maliyet
empty,boş
level,seviye
memory,hafıza
itself,kendisi
acting,oyunculuk
interest,faiz
nose,burun
plans,planlar
following,takip etme
bathroom,banyo
built,inşa edilmiş
closer,daha yakın
ray,ışın
sarah,Sarah
band,bant
groans,inliyor
apparently,görünüşe göre
excited,heyecanlı
richard,Richard
losing,kaybetmek
animals,hayvanlar
flight,uçuş
nature,doğa
raise,artırmak
pop,pop
client,müşteri
bomb,bomba
neck,boyun
suspect,şüphelenmek
warm,ılık
extra,ekstra
bottle,şişe
van,kamyonet
heavy,ağır
mommy,anne
dogs,köpekler
wild,vahşi
ridiculous,saçma
simply,basitçe
lee,Lee
animal,hayvan
showed,gösterdi
billy,Billy
shooting,çekim
keeps,tutar
camp,kamp
guns,silahlar
medical,tıbbi
shame,utanç
hoping,umut etmek
whom,kime
bird,kuş
majesty,majesteleri
flowers,Çiçekler
famous,ünlü
asleep,uyuya kalmak
beauty,güzellik
driver,sürücü
keys,anahtarlar
rain,yağmur
awful,berbat
large,büyük
local,yerel
deserve,hak etmek
goddamn,lanet olası
stone,taş
jane,Jane
grace,lütuf
consider,dikkate almak
weekend,hafta sonu
wondering,merak ediyor
lay,sermek
plenty,bolca
willing,hevesli
pants,pantolon
sweetheart,Tatlım
skin,deri
excellent,harika
asshole,Pislik
beach,sahil
c,C
faith,inanç
beg,dilenmek
fuckin,lanet
responsible,sorumlu
military,askeri
cheering,tezahürat
opportunity,fırsat
common,yaygın
bottom,alt
german,Almanca
whoever,her kim
cook,aşçı
walked,yürüdü
papers,evraklar
justice,adalet
hall,salon
commander,komutan
drug,ilaç
main,ana
knife,bıçak
devil,şeytan
necessary,gerekli
although,rağmen
princess,prenses
lights,ışıklar
flying,uçan
dick,çük
rose,gül
knowing,bilmek
clearly,Açıkça
hat,şapka
agreed,kabul
johnny,Johnny
corner,köşe
code,kod
note,Not
tommy,tommy
due,vadesi dolmuş
correct,doğru
apologize,özür dilemek
language,dil
stars,yıldızlar
faster,Daha hızlı
cars,arabalar
folks,millet
bullshit,saçmalık
i.,Ben.
fellow,aynı tür
several,birçok
grandma,büyükanne
shows,gösteriler
leader,Önder
leaves,yapraklar
restaurant,restoran
east,doğu
shouting,bağırmak
blind,kör
ghost,hayalet
cup,bardak
gotten,elde edildi
tight,sıkı
conversation,konuşma
tells,anlatır
lies,yalanlar
nor,ne de
pulled,çekti
hanging,asılı
speed,hız
stories,hikayeler
health,sağlık
advice,tavsiye
held,tutulmuş
uh-huh,HI-hı
murdered,öldürülmüş
beyond,öte
rule,kural
hardly,zorlu
possibly,muhtemelen
inspector,müfettiş
cousin,kuzen
trial,duruşma
emergency,acil durum
ought,yapmalı
eddie,Eddie
somehow,bir şekilde
hearing,işitme
states,eyaletler
account,hesap
spoke,konuştu
file,dosya
understood,anlaşıldı
angel,melek
tape,kaset
milk,süt
powerful,güçlü
weapons,silahlar
practice,pratik
manager,müdür
pardon,bağışlamak
vote,oy
jake,Jake
national,ulusal
career,kariyer
minister,bakan
super,Süper
taught,öğretilen
robert,Robert
biggest,en büyük
plays,oynar
natural,doğal
dancing,dans
copy,kopyala
plus,artı
martin,martin
cake,kek
freedom,özgürlük
among,arasında
breath,nefes
operation,operasyon
chris,Chris
crew,mürettebat
challenge,meydan okumak
market,pazar
meat,et
towards,karşı
bringing,getirmek
dropped,düştü
student,öğrenci
lied,Yalan
strength,kuvvet
size,boyut
breathe,nefes almak
color,renk
monster,canavar
loud,yüksek sesle
photo,Fotoğraf
aw,ah
nearly,neredeyse
sight,görünüş
greatest,En büyük
games,oyunlar
bridge,köprü
dressed,giyinmiş
arrested,tutuklanmış
horrible,berbat
coach,koç
planning,planlama
checked,kontrol
breaking,son Dakika
noticed,algılanan
fantastic,fantastik
screams,çığlıklar
serve,sert
ideas,fikirler
investigation,soruşturma
center,merkez
older,daha eski
pack,ambalaj
soldiers,askerler
nonsense,anlamsız
doc,doktor
project,proje
training,eğitim
example,örnek
trick,kandırmak
prepared,tedarikli
science,bilim
united,Birleşik
travel,seyahat
incredible,inanılmaz
grandpa,büyükbaba
paying,ödeme
character,karakter
teeth,dişler
criminal,adli
charles,Charles
chinese,Çince
truly,tamamen
honestly,Açıkçası
bro,kardeş
survive,hayatta kalmak
bobby,Bobby
target,hedef
feed,beslemek
nurse,hemşire
e,e
fake,sahte
records,kayıtlar
breathing,nefes almak
sweetie,Tatlım
numbers,sayılar
oil,yağ
suicide,intihar
belong,ait olmak
whoo,vay
perfectly,kusursuzca
amy,Amy
forgotten,unutulmuş
remain,geriye kalmak
original,orijinal
papa,baba
onto,üzerine
concerned,endişeli
credit,kredi
ugh,ah
invited,davet edildi
discuss,tartışmak
research,araştırma
easier,Daha kolay
view,görüş
chair,sandalye
hurts,acıtmak
strike,çarpmak
roger,Roger
fill,doldurmak
condition,durum
mountain,dağ
dr,doktor
nowhere,Hiçbir yerde
sheriff,şerif
kim,kim
turning,dönüm
brown,kahverengi
recognize,tanımak
heads,kafalar
audience,kitle
all,Tümü
jealous,kıskanç
pretend,numara yapmak
society,toplum
finding,bulma
shirt,gömlek
comfortable,rahat
meaning,Anlam
guest,misafir
pieces,parçalar
dry,kuru
letting,izin vermek
began,başlamak
aye,evet
jeff,jeff
female,dişi
release,serbest bırakmak
ho,merhaba
cards,kartlar
pray,dua etmek
unfortunately,Ne yazık ki
balls,toplar
destroyed,yerlebir edilmiş
ended,Bitti
universe,Evren
prepare,hazırlanmak
opinion,fikir
movies,filmler
soldier,asker
wash,yıkamak
program,programı
heat,sıcaklık
usual,olağan
ticket,bilet
stolen,çalıntı
prefer,tercih etmek
aware,farkında olmak
surely,kesinlikle
male,erkek
base,temel
matters,önemli
lift,kaldırmak
lab,laboratuvar
command,emretmek
proof,kanıt
cream,krem
selling,satış
believed,inanıldı
create,yaratmak
h,H
afford,parası yetmek
sunday,Pazar
total,Toplam
dumb,sersem
threw,attı
france,Fransa
birth,doğum
created,yaratıldı
realized,gerçekleştirilmiş
british,ingiliz
noise,gürültü
nuts,Fındık
students,öğrenciler
birds,kuşlar
social,sosyal
brilliant,muhteşem
bodies,bedenler
tie,bağlamak
opened,açıldı
ours,bizim
bucks,dolar
kevin,kevin
mister,bayım
ugly,çirkin
ryan,ryan
focus,odak
dan,dan
opens,açılır
exist,var olmak
followed,takip etti
england,İngiltere
draw,çizmek
purpose,amaç
letters,edebiyat
daniel,Daniel
opening,açılış
bullet,kurşun
anna,Anna
lately,son zamanlarda
stayed,kaldı
falling,Düşmek
season,mevsim
ends,biter
suggest,tavsiye etmek
joy,neşe
distance,mesafe
responsibility,sorumluluk
whenever,her ne zaman
issue,sorun
thousands,binlerce
process,işlem
sword,kılıç
shower,duş
weak,zayıf
fucked,sikildi
lonely,yalnız
happiness,mutluluk
eric,Eric
tiny,minik
desk,çalışma masası
pool,havuz
property,mülk
forced,zoraki
settle,yerleşmek
indistinct,belirsiz
weight,ağırlık
received,kabul edilmiş
gang,çete
bite,ısırmak
friday,cuma
disappeared,ortadan kayboldu
interview,röportaj
expecting,beklemek
kinda,gibi
surgery,ameliyat
horses,atlar
mayor,Belediye Başkanı
babe,bebeğim
ancient,antik
handsome,Yakışıklı
thomas,Thomas
saturday,Cumartesi
staff,kadro
lines,çizgiler
unit,birim
fan,fan
gentleman,beyefendi
introduce,tanıtmak
fate,kader
split,bölmek
recently,son zamanlarda
expected,beklenen
add,eklemek
ordered,sipariş edildi
slowly,yavaşça
alarm,alarm
member,üye
slept,uyudum
signed,imzalanmış
enter,girmek
spanish,İspanyol
garden,bahçe
brings,getiriyor
brave,cesur
pig,domuz
model,modeli
finger,parmak
medicine,ilaç
access,erişim
failed,arızalı
flat,düz
easily,kolayca
discovered,keşfetti
based,temelli
screw,vida
insane,inanılmaz
cares,umurunda
weather,hava durumu
fingers,parmaklar
san,san
scott,Scott
path,yol
soft,yumuşak
harm,zarar
style,stil
community,toplum
sees,görür
basically,temel olarak
al,al
signal,sinyal
nope,Hayır
spare,kıyamamak
speech,konuşma
covered,kapalı
shake,sallamak
loose,gevşetmek
snow,kar
russian,Rusça
lake,göl
bright,parlak
roof,çatı
ohh,Aah
sending,gönderme
paint,boyamak
remind,hatırlatmak
pal,dostum
naked,çıplak
post,postalamak
sugar,şeker
heading,başlık
streets,sokaklar
damage,zarar
silence,sessizlik
doors,kapılar
pete,pete
ed,Ed
success,başarı
wet,ıslak
nah,Hayır
amount,miktar
members,üyeler
kate,kate
manage,üstesinden gelmek
safety,emniyet
returned,iade
harder,Daha güçlü
fbi,FBI
block,engellemek
showing,gösteriliyor
fancy,süslü
chef,şef
contract,sözleşme
dig,kazmak
chest,göğüs
good-bye,Güle güle
drinks,içecekler
dave,dave
buried,gömülü
brian,brian
trade,ticaret
journey,seyahat
stomach,karın
changes,değişiklikler
details,detaylar
thoughts,düşünceler
divorce,boşanmak
funeral,cenaze
maria,Maria
football,Futbol
reality,gerçeklik
theory,teori
gosh,Allah Allah
ruined,harap
gate,geçit
william,William
spread,yaymak
outta,dışarı
japanese,Japonca
sudden,birden
coat,kaban
sooner,Er
cheese,peynir
larry,Larry
spring,bahar
page,sayfa
ears,kulaklar
simon,Simon
castle,kale
hidden,gizlenmiş
storm,fırtına
cos,çünkü
personally,Şahsen
artist,sanatçı
hill,tepe
exciting,heyecan verici
permission,izin
jerry,Jerry
expensive,masraflı
tickets,biletler
forest,orman
barely,neredeyse
eggs,yumurtalar
goin,içeri gir
regret,pişmanlık
lesson,ders
lover,sevgili
bread,ekmek
andy,andy
subject,ders
legal,yasal
growing,büyüyor
ill,hasta
jason,Jason
mood,mod
owner,mal sahibi
caused,neden oldu
beeping,bip sesi
points,puan
dating,flört
loss,kayıp
secretary,Sekreter
revenge,intikam
santa,Noel Baba
likely,büyük ihtimalle
rent,kira
connection,bağlantı
assistant,asistan
reasons,sebepler
yelling,bağırıyor
painting,tablo
trees,ağaçlar
doctors,doktorlar
rush,acele etmek
foreign,yabancı
rough,kaba 
murderer,katil
century,yüzyıl
nights,geceler
pair,çift
runs,koşar
pocket,cep
farm,çiftlik
matt,mat
bike,bisiklet
obvious,bariz
ate,yemek yedi
grew,büyüdü
professional,profesyonel
tim,zaman
goodness,iyilik
parts,parçalar
alan,alan
university,Üniversite
square,kare
grandfather,Büyük baba
europe,Avrupa
genius,dahi
cases,vakalar
ruin,mahvetmek
winter,kış
tongue,dil
memories,hatıralar
da,da
buying,alış
cancer,kanser
clock,saat
ocean,okyanus
dna,DNA
liar,yalancı
tour,tur
thief,hırsız
bleep,bip sesi
lisa,lisa
rights,Haklar
including,içermek
competition,yarışma
smith,demirci
planned,planlanmış
emily,Emily
boring,sıkıcı
victims,kurbanlar
mentioned,adı geçen
bones,kemikler
plant,bitki
bless,korusun
warning,uyarı
knocking,kapıyı çalmak
re,tekrar
crash,kaza
bedroom,yatak odası
lower,daha düşük
silver,gümüş
groaning,inleme
madame,madam
defense,savunma
results,sonuçlar
toilet,tuvalet
event,etkinlik
complicated,karmaşık
shape,şekil
priest,rahip
royal,asil
cheap,ucuz
romantic,romantik
downstairs,alt kat
invite,davet etmek
fortune,talih
tears,göz yaşları
avoid,kaçınmak
reached,ulaşmış
higher,daha yüksek
familiar,aşina
telephone,telefon
burning,yanan
filled,dolu
kelly,Kelly
alice,Alice
airport,havalimanı
jobs,Meslekler
grown,büyümüş
walter,Walter
rachel,rachel
giant,devasa
insurance,sigorta
woods,orman
n,N
scare,Korkmak
pleased,memnun
period,dönem
political,siyasi
player,oyuncu
stops,durur
secrets,sırlar
laura,Laura
repeat,tekrarlamak
photos,fotoğraflar
finds,bulur
statement,ifade
suck,emmek
younger,daha genç
china,Çin
humans,insanlar
delicious,lezzetli
particular,özel
proper,düzgün
rome,Roma
belongs,ait
attacked,saldırıya uğradı
bath,banyo
hired,işe alındı
site,alan
knowledge,bilgi
b,B
led,neden olmuş
guests,Misafirler
celebrate,kutlamak
map,harita
horn,korna
eventually,sonunda
pity,acımak
powers,yetkiler
ashamed,utanmış
assume,farz etmek
glasses,gözlük
rise,yükselmek
fixed,sabit
request,rica etmek
officers,memurlar
pounds,pound
data,veri
carefully,dikkatlice
per,başına
depends,bağlı olmak
jury,jüri
waited,bekledi
positive,pozitif
attorney,avukat
direction,yön
families,aileler
clock,saat
doin,yapıyor
forces,kuvvetler
location,konum
walls,duvarlar
useless,kullanışsız
grant,hibe etmek
saving,tasarruf
speaks,konuşuyor
fought,kavga etti
meal,yemek
deliver,teslim etmek
answers,Yanıtlar
changing,değiştirme
temple,tapınak
scary,korkutucu
millions,milyonlarca
offered,teklif edildi
regular,düzenli
carrying,taşıma
official,resmi
jacket,ceket
switch,anahtar
grave,mezar
chase,takip etmek
role,rol
odd,garip
sexy,seksi
faces,yüzler
becomes,olur
closes,kapatır
badly,kötü
tall,uzun
confused,kafası karışmış
affair,mesele
television,televizyon
shock,şok
raised,kabarık
panting,nefes nefese
pizza,Pizza
image,görüntü
clears,temizler
golden,altın
patients,hastalar
watched,izledim
committed,bağlılık
sexual,cinsel
suffer,acı çekmek
arthur,Arthur
wherever,her nerede
plate,plaka
appear,belli olmak
chocolate,çikolata
clever,akıllı
hm,hm
mercy,merhamet
shots,çekim
lucy,Lucy
dealing,uğraşmak
trap,tuzak
charges,masraflar
phil,Phil
bang,patlama
poison,zehir
butt,popo
drove,sürdü
yourselves,kendiniz
headed,başlı
babies,bebekler
yellow,sarı
soup,çorba
mystery,gizem
picking,toplama
sat,doygunluk
wound,yara
traffic,trafik
courage,cesaret
hunt,avlamak
indian,Hintli
rat,fare
terms,şartlar
italian,İtalyan
emma,Emma
checking,kontrol etme
disease,hastalık
managed,yönetilen
winner,kazanan
council,konsey
appointment,randevu
monday,Pazartesi
crack,çatırtı
threat,tehdit
jenny,Jenny
physical,fiziksel
nation,ulus
source,kaynak
chose,seçti
healthy,sağlıklı
carl,Carl
victory,zafer
rick,Rick
stood,durmak
kicked,tekmeledi
annie,Annie
disgusting,iğrenç
palace,Saray
below,altında
shopping,alışveriş
neighborhood,komşu
march,mart
lips,dudaklar
midnight,gece yarısı
piss,işemek
advantage,avantaj
pure,saf
india,Hindistan
aside,bir kenara
jerk,sarsmak
mail,posta
dawn,şafak
effect,etki
spell,hecelemek
freak,çatlak
wood,odun
screwed,berbat
enemies,düşmanlar
gary,Gary
awake,uyanmak
chuckling,kıkırdama
vacation,tatil
violence,şiddet
leo,Aslan
grandmother,Nene
modern,modern
luke,Luke
firm,firma
prime,astar vurmak
heh,heh
touched,dokundum
talent,yetenek
whore,fahişe
piano,piyano
license,lisans
cooking,yemek pişirmek
honour,onur
concern,kaygı
moves,hamle
available,mevcut
factory,fabrika
gods,tanrılar
value,değer
central,merkezi
union,birlik
mirror,ayna
studio,stüdyo
media,medya
taxi,taksi
dies,ölür
iron,ütü
hearts,kalpler
desire,arzu
rob,soymak
claire,Claire
fred,Fred
songs,şarkılar
washington,Washington
monkey,maymun
pride,gurur
pills,haplar
miracle,mucize
swim,yüzmek
burned,yanmış
smells,kokuyor
joking,şaka
christian,Hıristiyan
bleeding,kanama
hook,kanca
beating,dayak
protection,koruma
treatment,tedavi
ear,kulak
carter,arabacı
metal,metal
disappear,yok olmak
grateful,minnettar
extremely,aşırı boyutta
treasure,hazine
rescue,kurtarmak
capable,yetenekli
passing,geçen
chatter,gevezelik
result,sonuç
suffering,cefa
sisters,kız kardeşler
laid,koydu
governor,Vali
guards,muhafızlar
louis,Louis
text,metin
literally,gerçekten
remove,kaldırmak
becoming,olmak
performance,verim
stronger,Daha güçlü
rate,oran
deeply,derinden
scream,bağırmak
desert,çöl
vehicle,araç
illegal,yasadışı
pulling,çekme
throwing,atma
josh,Josh
unbelievable,Inanılmaz
ted,ted
zero,sıfır
dean,dekan
curious,meraklı
sean,Sean
candy,Şeker
bone,kemik
tied,bağlı
edge,kenar
load,yük
susan,Susan
ahh,ah
mountains,dağlar
boom,Boom
former,önceki
holiday,tatil
riding,binme
scoffs,alay etmek
hundreds,yüzlerce
motherfucker,orospu çocuğu
sue,Dava açmak
bags,çanta
stealing,çalmak
appears,görünür
arrive,varmak
remains,kalıntılar
decent,düzgün
issues,sorunlar
tip,uç
fail,hata
bride,gelin
pissed,kızgın
penny,kuruş
claim,iddia
friendship,dostluk
desperate,çaresiz
flower,çiçek
dramatic,dramatik
refuse,reddetmek
solve,çözmek
theme,tema
loving,sevgi dolu
properly,düzgün bir şekilde
dragon,Ejderha
mostly,çoğunlukla
chuck,ayna
directly,direkt olarak
surface,yüzey
FALSE,YANLIŞ
cast,döküm
junior,genç
hunting,avcılık
silent,sessiz
thou,sen
egg,Yumurta
germany,Almanya
punch,yumruk
africa,Afrika
woke,uyandım
intelligence,istihbarat
borrow,borç almak
winning,kazanan
falls,düşme
popular,popüler
escaped,kaçtı
witch,cadı
convinced,ikna edilmiş
warn,uyarmak
announcer,spiker
champagne,Şampanya
dust,toz
kyle,kyle
someday,bir gün
fallen,düşmüş
stranger,yabancı
presence,mevcudiyet
tear,göz yaşı
st.,st.
internet,internet
monsieur,mösyö
therefore,Öyleyse
technology,teknoloji
tires,lastikler
toast,kızarmış ekmek
wise,bilge
clark,Clark
americans,Amerikalılar
notes,notlar
smoking,sigara içmek
hank,çile
ls,ls
april,nisan
wolf,kurt
precious,değerli
rooms,Odalar
coast,sahil
treated,işlem görmüş
material,malzeme
released,piyasaya sürülmüş
uniform,üniforma
hated,nefret edilen
considered,dikkate alınan
rice,pirinç
exchange,değişme
steps,adımlar
blake,Blake
convince,ikna etmek
beast,canavar
cow,inek
files,Dosyalar
signs,işaretler
drag,sürüklemek
cab,taksi
hung,asılı
carried,taşınan
ordinary,sıradan
successful,başarılı
eve,havva
mistakes,hatalar
houses,evler
chattering,Gevezelik
brains,beyin
japan,Japonya
creature,yaratık
fourth,dördüncü
separate,ayırmak
cleaning,temizlik
california,Kaliforniya
lf,eğer
ll,LL
shift,vardiya
elizabeth,Elizabeth
chicago,Chicago
exact,bire bir aynı
karen,karen
goal,amaç
expert,uzman
served,servis edildi
direct,doğrudan
score,Gol
row,sıra
marks,işaretler
twenty,yirmi
receive,almak
series,seri
section,bölüm
pilot,pilot
jackson,Jackson
darkness,karanlık
thy,senin
sale,satış
destiny,kader
cure,tedavi
spoken,konuşulmuş
armed,silahlı
rare,nadir
helen,Helen
grade,seviye
juice,Meyve suyu
wide,geniş
tower,kule
solution,çözüm
schedule,takvim
explosion,patlama
wheel,teker
cigarette,sigara
julie,Julie
fruit,meyve
blew,patladı
victor,galip
talks,görüşmeler
sacrifice,kurban etmek
range,menzil
button,düğme
reports,raporlar
prisoner,mahkum
pie,turta
effort,çaba
youth,gençlik
pot,tencere
eaten,yenilmiş
taylor,Taylor
knees,dizler
garage,garaj
parking,otopark
ambulance,ambulans
staring,bakmak
chances,şans
circumstances,durumlar
sin,günah
gordon,Gordon
progress,ilerlemek
unusual,olağan dışı
county,ilçe
stairs,merdiven
campaign,kampanya
mon,pazartesi
vision,görüş
reporter,muhabir
equipment,teçhizat
moments,anlar
joey,joey
mass,yığın
alien,yabancı
trapped,hapsolmuş
helps,yardım eder
route,rota
defend,savunmak
trace,iz
nasty,edepsiz
tests,testler
magazine,dergi
rocks,kayalar
dump,çöplük
rude,kaba
searching,Aranıyor
clue,ipucu
connected,bağlı
amen,amin
pushed,itti
merry,şen
zone,alan
senior,kıdemli
closing,kapanış
freeze,donmak
emperor,imparator
incident,olay
snake,yılan
mexico,Meksika
lily,zambak
actor,aktör
newspaper,gazete
sentence,cümle
greg,Greg
leading,önde gelen
friendly,arkadaşça
jones,Jones
chosen,seçilmiş
engaged,nişanlı
julia,Julia
charming,alımlı
mustn,yapılmalı
anger,kızgınlık
spending,harcama
learning,öğrenme
spy,casus
sharp,keskin
shadow,gölge
warrant,garanti
elevator,asansör
kingdom,krallık
ricky,riskli
jamie,Jamie
squad,Tayfa
shoulder,omuz
wave,dalga
amanda,amanda
highness,Majesteleri
kinds,çeşitler
fishing,Balık tutma
sometime,bazen
attitude,davranış
sucks,berbat
negative,olumsuz
screen,ekran
workers,işçiler
bored,sıkılmış
cameras,kameralar
similar,benzer
understanding,anlayış
beeps,bip sesleri
chain,zincir
bull,Boğa
gasping,nefes nefese
fully,tamamen
robin,ardıç kuşu
collect,TOPLAMAK
gorgeous,muhteşem
morgan,morgan
passion,tutku
writer,yazar
empire,imparatorluk
international,uluslararası
curse,küfür
hire,kiralamak
bastards,piçler
puts,koyar
leads,potansiyel müşteriler
id,İD
blows,darbeler
sons,oğullar
estate,arazi
customers,müşteriler
maggie,maggie
gunshot,ateşli silah
i-,Ben-
device,cihaz
troops,birlikler
hug,sarılmak
design,tasarım
movement,hareket
thunder,gök gürültüsü
object,nesne
loser,beceriksiz
pen,dolma kalem
sobbing,hıçkırarak ağlayan
politics,siyaset
despite,aksine
alcohol,alkol
climb,tırmanmak
clients,müşteriler
conference,konferans
provide,sağlamak
marty,şehit
seek,aramak
witnesses,tanıklar
earn,para kazanmak
trash,çöp
valley,vadi
fashion,moda
howard,Howard
episode,bölüm
prize,ödül
previously,önceden
sports,Spor Dalları
wanting,istemek
debt,borç
wishes,dilekler
hitler,Hitler
wire,tel
thee,sana
circle,daire
approach,yaklaşmak
stock,stoklamak
facts,gerçekler
remembered,hatırladı
percent,yüzde
normally,normalde
tail,kuyruk
joined,katıldı
education,eğitim
bravo,Bravo
library,kütüphane
rape,tecavüz
wings,kanatlar
growling,hırıltı
thrown,fırlatıldı
tank,tankı
exhales,nefes verir
authority,yetki
current,akım
failure,arıza
nightmare,kabus
hitting,isabet
glory,görkem
knocked,kapıyı çaldı
studying,ders çalışıyor
barry,Barry
agency,Ajans
apple,elma
border,sınır
rope,halat
duck,ördek
reputation,itibar
confidence,kendinden emin
yard,bahçe
beloved,sevgili
lack,eksiklik
actual,gerçek
skills,yetenekler
films,filmler
mental,zihinsel
salt,tuz
flesh,et
anne,anne
secure,güvenli
highly,büyük ölçüde
federal,federal
sand,kum
emotional,duygusal
setting,ayar
nothin,hiçbirşey
senator,senatör
services,Hizmetler
robbery,soygun
hates,nefret ediyor
fed,Besledi
reward,ödül
theater,tiyatro
johnson,Johnson
commit,işlemek
patrick,Patrick
entirely,Baştan sona
extraordinary,olağanüstü
ships,gemiler
opposite,zıt
parties,partiler
stands,standlar
terry,havlu kumaş
chat,sohbet
events,olaylar
mummy,mumya
bay,koy
slip,kayma
disappointed,hayal kırıklığına uğramış
settled,yerleşik
begins,başlıyor
andrew,Andrew
alert,uyarı
detail,detay
pink,pembe
fellas,arkadaşlar
accepted,kabul edilmiş
background,arka plan
garbage,çöp
panic,panik
minds,zihinler
belt,kemer
blowing,üfleme
hollywood,Hollywood
agreement,anlaşma
jackie,jackie
pushing,iterek
ability,yetenek
tiger,kaplan
whispering,Fısıldayan
culture,kültür
saint,aziz
jesse,jesse
task,görev
solid,sağlam
doll,oyuncak bebek
intend,niyet etmek
district,semt
pa,baba
gee,vay be
custody,velayet
ignore,görmezden gelmek
naturally,doğal olarak
useful,kullanışlı
attempt,girişim
abandoned,terk edilmiş
cutting,kesme
kissed,öptüm
guarantee,garanti
barking,havlıyor
gather,toplamak
policy,politika
u.s.,biz.
violent,şiddetli
maid,hizmetçi
embarrassing,utandırıcı
childhood,çocukluk
wasting,israf
bow,yay
chick,piliç
sara,Sara
disaster,felaket
revolution,devrim
online,çevrimiçi
f,F
demon,iblis
heavily,ağır şekilde
coincidence,tesadüf
perform,rol yapmak
thin,ince
terrific,müthiş
mac,Mac
crown,taç
identity,kimlik
virgin,bakir
impressive,etkileyici
windows,pencereler
no-one,hiç kimse
potential,potansiyel
guitar,gitar
committee,Kurul
dozen,düzine
delivery,teslimat
advance,ilerlemek
quietly,sessizce
stan,stan
teaching,öğretim
hunter,avcı
latest,en sonuncu
hurting,acı verici
swing,sallanmak
capital,başkent
counting,sayma
drew,çizdi
dirt,kir
whistle,ıslık
marie,Marie
hits,isabetler
doug,doug
deny,reddetmek
urgent,acil
threatened,tehdit edildi
behavior,davranış
molly,molly
mixed,karışık
stays,kalır
assure,garanti etmek
subtitles,altyazılar
explanation,açıklama
wins,kazanır
unique,eşsiz
chasing,avcılık
billion,milyar
duke,dük
production,üretme
slave,köle
agents,ajanlar
carol,ilahi
lets,Haydi
cruel,acımasız
mask,maske
sally,sally
behave,davranmak
bury,gömmek
massive,cüsseli
pathetic,acınası
species,türler
approaching,yaklaşıyor
jo,jo
loan,borç
struggle,çabalamak
dish,tabak
trusted,güvenilir
jumped,atladı
firing,ateşleme
channel,kanal
abby,abby
stopping,Durduruluyor
asks,sorar
jean,kot pantolon
swimming,yüzme
daily,günlük
basement,bodrum
linda,linda
quarter,çeyrek
erm,ımm
bound,ciltli
navy,Donanma
article,madde
guide,rehber
accused,sanık
transfer,Aktar
guts,cesaret
quality,kalite
fella,dostum
roman,Roma
greater,daha büyük
damned,lanet olsun
couch,kanepe
cheer,tezahürat
vegas,Vegas
shoe,ayakkabı
title,başlık
shy,utangaç
punishment,ceza
los,kaybettim
clicks,tıklamalar
you,Sen
closet,dolap
bye-bye,güle güle
fever,ateş
coward,korkak
flash,flaş
impressed,etkilenmiş
bruce,Bruce
siren,siren
prisoners,mahkumlar
sides,taraflar
bowl,tas
katie,katie
supply,tedarik
sensitive,hassas
hopefully,umutla
rolling,yuvarlamak
roy,roy
dollar,dolar
tone,ton
voices,sesler
g,G
i,Ben
cheating,hile
confess,itiraf etmek
demand,talep etmek
museum,müze
unknown,Bilinmeyen
drama,dram
suspicious,şüpheli
adult,yetişkin
todd,todd
frightened,korkmuş
warned,uyardı
steady,sabit durmak
kills,öldürür
crossed,geçti
lou,Lou
particularly,özellikle
sandwich,sandviç
laws,kanunlar
joint,eklem yeri
bullets,mermiler
package,paket
trained,eğitimli
thursday,Perşembe
boots,bot ayakkabı
possibility,olasılık
albert,Albert
civil,sivil
june,haziran
germans,Almanlar
baseball,beyzbol
express,ifade etmek
miserable,acınası
tuesday,Salı
parker,parkçı
lion,aslan
joseph,Joseph
refused,reddedildi
shine,parlamak
assault,saldırı
hong,Hong
jokes,espriler
breaks,molalar
argue,tartışmak
you-,Sen-
trail,iz
option,seçenek
recall,hatırlamak
mighty,güçlü
collection,Toplamak
oliver,zeytin
wilson,Wilson
accent,aksan
believes,inanıyor
decisions,kararlar
embarrassed,utanmış
mobile,mobil
customer,müşteri
terribly,korkunç derecede
sec,saniye
charity,hayır kurumu
considering,düşünen
pussy,kedi
donna,donna
protecting,korumak
flag,bayrak
kidnapped,kaçırıldı
italy,İtalya
balance,denge
creatures,yaratıklar
nuclear,nükleer
wallet,cüzdan
shout,bağırmak
vincent,Vincent
entered,girdi
impression,izlenim
angela,Angela
jay,alakarga
degrees,derece
favour,iyilik
reaction,reaksiyon
network,ağ
jessica,Jessica
version,versiyon
concert,konser
gear,vites
singer,şarkıcı
diamond,elmas
defeat,yenmek
steven,Steven
lane,Lane
blast,büyük patlama
wounded,yaralı
anytime,istediğin zaman
partners,ortaklar
ages,yaşlar
charlotte,Charlotte
ceremony,tören
league,lig
bars,Barlar
orange,turuncu
specific,özel
conditions,koşullar
plastic,plastik
crisis,kriz
fifth,beşinci
term,terim
self,öz
offering,teklif
bud,tomurcuk
suffered,acı çekti
reported,rapor edildi
commissioner,komiser
rip,Huzur içinde yatsın
mysterious,gizemli
entrance,giriş
messed,berbat
tunnel,tünel
designed,tasarlanmış
neighbor,komşu
aboard,gemide
sweat,ter
justin,Justin
ghosts,hayaletler
crimes,Suçlar
costs,maliyetler
deserves,hak ediyor
dreaming,rüya görmek
bust,baskın yapmak
el,el
teddy,oyuncak
kong,kong
messages,mesajlar
enjoying,zevk almak
afterwards,daha sonrasında
comfort,konfor
mason,Duvarcı
surrender,teslim olmak
gym,spor salonu
kitty,Yavru kedi
crush,ezmek
yup,Evet
arranged,düzenlenmiş
suits,takım elbise
pee,işemek
stress,stres
cave,mağara